{
    "google_rag_collection": {
        "uploads\\LLM_Pricing_Models_Comparison.pdf": 1756750495.9999611,
        "uploads\\UGMB2553540.pdf": 1756732588.5481105,
        "uploads\\A_qualitative_study_of_graduate_student_emotional_.pdf": 1756930963.3799064
    }
}